n_tx,total_days,total_spent_btc,total_received_btc,total_spent_usd,total_received_usd,mean_balance_btc,std_balance_btc,mean_balance_usd,std_balance_usd,n_received,n_spent,n_coinbase,n_payback,n_received_inclusive,n_spent_inclusive,n_coinbase_inclusive,n_payback_inclusive,f_tx,f_received,f_coinbase,f_spent_digits_-3,f_spent_digits_-2,f_spent_digits_-1,f_spent_digits_0,f_spent_digits_1,f_spent_digits_2,f_spent_digits_3,f_spent_digits_4,f_spent_digits_5,f_spent_digits_6,f_received_digits_-3,f_received_digits_-2,f_received_digits_-1,f_received_digits_0,f_received_digits_1,f_received_digits_2,f_received_digits_3,f_received_digits_4,f_received_digits_5,f_received_digits_6,r_payback,n_inputs_in_spent,n_outputs_in_spent,interval_1st_moment,interval_2nd_moment,interval_3rd_moment,interval_4th_moment,dist_total_1st_moment,dist_total_2nd_moment,dist_total_3rd_moment,dist_total_4th_moment,dist_coinbase_1st_moment,dist_coinbase_2nd_moment,dist_coinbase_3rd_moment,dist_coinbase_4th_moment,dist_spend_1st_moment,dist_spend_2nd_moment,dist_spend_3rd_moment,dist_spend_4th_moment,dist_receive_1st_moment,dist_receive_2nd_moment,dist_receive_3rd_moment,dist_receive_4th_moment,dist_payback_1st_moment,dist_payback_2nd_moment,dist_payback_3rd_moment,dist_payback_4th_moment,class
1.0,1.0,0.01286292,0.01286292,9.529223896889649,9.529223896889649,0.01286292,0.0,9.529223896889649,0.0,1.0,0.0,0.0,1.0,1.0,1.0,0.0,1.0,1.0,1.0,0.0,0.0,0.0,0.0,0.0,0.0,0.0,0.0,0.0,0.0,0.0,0.0,0.0,0.0,1.0,0.0,0.0,0.0,0.0,0.0,0.0,1.0,0.0,0.0,,,,,0.0,0.0,,,0.0,0.0,,,0.0,0.0,,,0.0,0.0,,,0.0,0.0,,,0
1.0,1.0,0.000275,0.000275,0.20372796936035156,0.20372796936035156,0.000275,0.0,0.20372796936035156,0.0,1.0,0.0,0.0,1.0,1.0,1.0,0.0,1.0,1.0,1.0,0.0,0.0,0.0,0.0,0.0,0.0,0.0,0.0,0.0,0.0,0.0,0.0,0.0,0.0,1.0,0.0,0.0,0.0,0.0,0.0,0.0,1.0,0.0,0.0,,,,,0.0,0.0,,,0.0,0.0,,,0.0,0.0,,,0.0,0.0,,,0.0,0.0,,,0
1.0,1.0,0.163,0.163,112.2581019897461,112.2581019897461,0.163,0.0,112.2581019897461,0.0,1.0,0.0,0.0,1.0,1.0,1.0,0.0,1.0,1.0,1.0,0.0,0.0,0.0,0.0,0.0,0.0,0.0,0.0,0.0,0.0,0.0,0.0,0.0,0.0,1.0,0.0,0.0,0.0,0.0,0.0,0.0,1.0,0.0,0.0,,,,,0.0,0.0,,,0.0,0.0,,,0.0,0.0,,,0.0,0.0,,,0.0,0.0,,,0
3.0,1.0,0.09373896999999999,0.09373896999999999,64.55802978327453,64.55802978327453,0.03124632333333333,3.552683022222222e-05,21.51934326109151,16.85064937307128,3.0,0.0,0.0,3.0,3.0,3.0,0.0,3.0,3.0,1.0,0.0,0.0,0.0,0.0,0.0,0.0,0.0,0.0,0.0,0.0,0.0,0.0,0.0,0.0,1.0,0.0,0.0,0.0,0.0,0.0,0.0,1.0,0.0,0.0,0.0,0.0,,,9.333333333333334,54.22222222222223,-0.13506152278474107,1.5,0.0,0.0,,,9.333333333333334,54.22222222222223,-0.13506152278474107,1.5,9.333333333333334,54.22222222222223,-0.13506152278474107,1.5,9.333333333333334,54.22222222222223,-0.13506152278474107,1.5,2
4.0,2.0,0.0005,0.0005,0.34729360961914063,0.34729360961914063,0.000125,1.8750000000000002e-09,0.08682340240478516,0.0009669738422297944,4.0,0.0,0.0,4.0,4.0,4.0,0.0,4.0,2.0,1.0,0.0,0.0,0.0,0.0,0.0,0.0,0.0,0.0,0.0,0.0,0.0,0.0,0.0,0.0,1.0,0.0,0.0,0.0,0.0,0.0,0.0,1.0,0.0,0.0,1.3333333333333333,3.555555555555556,0.7071067811865478,1.5000000000000004,72.5,14634.75,1.153598562907812,2.332477438746093,0.0,0.0,,,72.5,14634.75,1.153598562907812,2.332477438746093,72.5,14634.75,1.153598562907812,2.332477438746093,72.5,14634.75,1.153598562907812,2.332477438746093,2
1.0,1.0,1.1,1.1,773.5584838867188,773.5584838867188,1.1,0.0,773.5584838867188,0.0,1.0,0.0,0.0,1.0,1.0,1.0,0.0,1.0,1.0,1.0,0.0,0.0,0.0,0.0,0.0,0.0,0.0,0.0,0.0,0.0,0.0,0.0,0.0,0.0,1.0,0.0,0.0,0.0,0.0,0.0,0.0,1.0,0.0,0.0,,,,,0.0,0.0,,,0.0,0.0,,,0.0,0.0,,,0.0,0.0,,,0.0,0.0,,,0
1.0,1.0,0.214774,0.214774,151.03659074389648,151.03659074389648,0.214774,0.0,151.03659074389648,0.0,1.0,0.0,0.0,1.0,1.0,1.0,0.0,1.0,1.0,1.0,0.0,0.0,0.0,0.0,0.0,0.0,0.0,0.0,0.0,0.0,0.0,0.0,0.0,0.0,1.0,0.0,0.0,0.0,0.0,0.0,0.0,1.0,0.0,0.0,,,,,0.0,0.0,,,0.0,0.0,,,0.0,0.0,,,0.0,0.0,,,0.0,0.0,,,4
1.0,1.0,0.1,0.1,68.87000122070313,68.87000122070313,0.1,0.0,68.87000122070313,0.0,1.0,0.0,0.0,1.0,1.0,1.0,0.0,1.0,1.0,1.0,0.0,0.0,0.0,0.0,0.0,0.0,0.0,0.0,0.0,0.0,0.0,0.0,0.0,0.0,1.0,0.0,0.0,0.0,0.0,0.0,0.0,1.0,0.0,0.0,,,,,0.0,0.0,,,0.0,0.0,,,0.0,0.0,,,0.0,0.0,,,0.0,0.0,,,4
1.0,1.0,0.16816021,0.16816021,115.81193867973694,115.81193867973694,0.16816021,0.0,115.81193867973694,0.0,1.0,0.0,0.0,1.0,1.0,1.0,0.0,1.0,1.0,1.0,0.0,0.0,0.0,0.0,0.0,0.0,0.0,0.0,0.0,0.0,0.0,0.0,0.0,0.0,1.0,0.0,0.0,0.0,0.0,0.0,0.0,1.0,0.0,0.0,,,,,0.0,0.0,,,0.0,0.0,,,0.0,0.0,,,0.0,0.0,,,0.0,0.0,,,4
1.0,1.0,0.0001,0.0001,0.06887000122070312,0.06887000122070312,0.0001,0.0,0.06887000122070312,0.0,1.0,0.0,0.0,1.0,1.0,1.0,0.0,1.0,1.0,1.0,0.0,0.0,0.0,0.0,0.0,0.0,0.0,0.0,0.0,0.0,0.0,0.0,0.0,0.0,1.0,0.0,0.0,0.0,0.0,0.0,0.0,1.0,0.0,0.0,,,,,0.0,0.0,,,0.0,0.0,,,0.0,0.0,,,0.0,0.0,,,0.0,0.0,,,0
2.0,1.0,0.002,0.002,1.4066530151367187,1.4066530151367187,0.001,0.0,0.7033265075683593,8.376316167413051e-09,2.0,0.0,0.0,2.0,2.0,2.0,0.0,2.0,2.0,1.0,0.0,0.0,0.0,0.0,0.0,0.0,0.0,0.0,0.0,0.0,0.0,0.0,0.0,0.0,1.0,0.0,0.0,0.0,0.0,0.0,0.0,1.0,0.0,0.0,2.0,0.0,,,92.0,8464.0,0.0,1.0,0.0,0.0,,,92.0,8464.0,0.0,1.0,92.0,8464.0,0.0,1.0,92.0,8464.0,0.0,1.0,0
1.0,1.0,0.01000303,0.01000303,7.036311654481811,7.036311654481811,0.01000303,0.0,7.036311654481811,0.0,1.0,0.0,0.0,1.0,1.0,1.0,0.0,1.0,1.0,1.0,0.0,0.0,0.0,0.0,0.0,0.0,0.0,0.0,0.0,0.0,0.0,0.0,0.0,0.0,1.0,0.0,0.0,0.0,0.0,0.0,0.0,1.0,0.0,0.0,,,,,0.0,0.0,,,0.0,0.0,,,0.0,0.0,,,0.0,0.0,,,0.0,0.0,,,4
1.0,1.0,0.40767291,0.40767291,286.6898528920789,286.6898528920789,0.40767291,0.0,286.6898528920789,0.0,1.0,0.0,0.0,1.0,1.0,1.0,0.0,1.0,1.0,1.0,0.0,0.0,0.0,0.0,0.0,0.0,0.0,0.0,0.0,0.0,0.0,0.0,0.0,0.0,1.0,0.0,0.0,0.0,0.0,0.0,0.0,1.0,0.0,0.0,,,,,0.0,0.0,,,0.0,0.0,,,0.0,0.0,,,0.0,0.0,,,0.0,0.0,,,4
2.0,1.0,2.4066663999999998,2.4066663999999998,1657.471179058252,1657.471179058252,1.2033331999999999,0.10072168574223997,828.735589529126,47773.07179083866,2.0,0.0,0.0,2.0,2.0,2.0,0.0,2.0,2.0,1.0,0.0,0.0,0.0,0.0,0.0,0.0,0.0,0.0,0.0,0.0,0.0,0.0,0.0,0.0,1.0,0.0,0.0,0.0,0.0,0.0,0.0,1.0,0.0,0.0,0.0,0.0,,,1.5,2.25,0.0,1.0,0.0,0.0,,,1.5,2.25,0.0,1.0,1.5,2.25,0.0,1.0,1.5,2.25,0.0,1.0,4
1.0,1.0,0.06994427,0.06994427,49.18725768887573,49.18725768887573,0.06994427,0.0,49.18725768887573,0.0,1.0,0.0,0.0,1.0,1.0,1.0,0.0,1.0,1.0,1.0,0.0,0.0,0.0,0.0,0.0,0.0,0.0,0.0,0.0,0.0,0.0,0.0,0.0,0.0,1.0,0.0,0.0,0.0,0.0,0.0,0.0,1.0,0.0,0.0,,,,,0.0,0.0,,,0.0,0.0,,,0.0,0.0,,,0.0,0.0,,,0.0,0.0,,,4
1.0,1.0,0.06668453,0.06668453,45.92563662502015,45.92563662502015,0.06668453,0.0,45.92563662502015,0.0,1.0,0.0,0.0,1.0,1.0,1.0,0.0,1.0,1.0,1.0,0.0,0.0,0.0,0.0,0.0,0.0,0.0,0.0,0.0,0.0,0.0,0.0,0.0,0.0,1.0,0.0,0.0,0.0,0.0,0.0,0.0,1.0,0.0,0.0,,,,,0.0,0.0,,,0.0,0.0,,,0.0,0.0,,,0.0,0.0,,,0.0,0.0,,,4
1.0,1.0,0.5,0.5,351.7090148925781,351.7090148925781,0.5,0.0,351.7090148925781,0.0,0.0,0.0,1.0,1.0,1.0,1.0,1.0,1.0,1.0,0.0,1.0,0.0,0.0,0.0,0.0,0.0,0.0,0.0,0.0,0.0,0.0,0.0,0.0,0.0,1.0,0.0,0.0,0.0,0.0,0.0,0.0,1.0,0.0,0.0,,,,,0.0,0.0,,,0.0,0.0,,,0.0,0.0,,,0.0,0.0,,,0.0,0.0,,,4
1.0,1.0,0.1698923,0.1698923,117.00482908388061,117.00482908388061,0.1698923,0.0,117.00482908388061,0.0,1.0,0.0,0.0,1.0,1.0,1.0,0.0,1.0,1.0,1.0,0.0,0.0,0.0,0.0,0.0,0.0,0.0,0.0,0.0,0.0,0.0,0.0,0.0,0.0,1.0,0.0,0.0,0.0,0.0,0.0,0.0,1.0,0.0,0.0,,,,,0.0,0.0,,,0.0,0.0,,,0.0,0.0,,,0.0,0.0,,,0.0,0.0,,,4
1.0,1.0,0.10751966,0.10751966,74.04879115449585,74.04879115449585,0.10751966,0.0,74.04879115449585,0.0,1.0,0.0,0.0,1.0,1.0,1.0,0.0,1.0,1.0,1.0,0.0,0.0,0.0,0.0,0.0,0.0,0.0,0.0,0.0,0.0,0.0,0.0,0.0,0.0,1.0,0.0,0.0,0.0,0.0,0.0,0.0,1.0,0.0,0.0,,,,,0.0,0.0,,,0.0,0.0,,,0.0,0.0,,,0.0,0.0,,,0.0,0.0,,,4
3.0,1.0,0.009000000000000001,0.009000000000000001,6.198300109863281,6.198300109863281,0.0030000000000000005,1.88079096131566e-37,2.0661000366210938,0.0,3.0,0.0,0.0,3.0,3.0,3.0,0.0,3.0,3.0,1.0,0.0,0.0,0.0,0.0,0.0,0.0,0.0,0.0,0.0,0.0,0.0,0.0,0.0,0.0,1.0,0.0,0.0,0.0,0.0,0.0,0.0,1.0,0.0,0.0,0.0,0.0,,,0.6666666666666666,0.22222222222222224,-0.7071067811865475,1.4999999999999998,0.0,0.0,,,0.6666666666666666,0.22222222222222224,-0.7071067811865475,1.4999999999999998,0.6666666666666666,0.22222222222222224,-0.7071067811865475,1.4999999999999998,0.6666666666666666,0.22222222222222224,-0.7071067811865475,1.4999999999999998,0
1.0,1.0,0.6787114,0.6787114,477.41783578072506,477.41783578072506,0.6787114,0.0,477.41783578072506,0.0,1.0,0.0,0.0,1.0,1.0,1.0,0.0,1.0,1.0,1.0,0.0,0.0,0.0,0.0,0.0,0.0,0.0,0.0,0.0,0.0,0.0,0.0,0.0,0.0,1.0,0.0,0.0,0.0,0.0,0.0,0.0,1.0,0.0,0.0,,,,,0.0,0.0,,,0.0,0.0,,,0.0,0.0,,,0.0,0.0,,,0.0,0.0,,,4
1.0,1.0,0.0723,0.0723,50.84388944091797,50.84388944091797,0.0723,0.0,50.84388944091797,0.0,1.0,0.0,0.0,1.0,1.0,1.0,0.0,1.0,1.0,1.0,0.0,0.0,0.0,0.0,0.0,0.0,0.0,0.0,0.0,0.0,0.0,0.0,0.0,0.0,1.0,0.0,0.0,0.0,0.0,0.0,0.0,1.0,0.0,0.0,,,,,0.0,0.0,,,0.0,0.0,,,0.0,0.0,,,0.0,0.0,,,0.0,0.0,,,0
1.0,1.0,0.000252,0.000252,0.17355240307617187,0.17355240307617187,0.000252,0.0,0.17355240307617187,0.0,1.0,0.0,0.0,1.0,1.0,1.0,0.0,1.0,1.0,1.0,0.0,0.0,0.0,0.0,0.0,0.0,0.0,0.0,0.0,0.0,0.0,0.0,0.0,0.0,1.0,0.0,0.0,0.0,0.0,0.0,0.0,1.0,0.0,0.0,,,,,0.0,0.0,,,0.0,0.0,,,0.0,0.0,,,0.0,0.0,,,0.0,0.0,,,0
1.0,1.0,0.00146643,0.00146643,1.0312448795690918,1.0312448795690918,0.00146643,0.0,1.0312448795690918,0.0,1.0,0.0,0.0,1.0,1.0,1.0,0.0,1.0,1.0,1.0,0.0,0.0,0.0,0.0,0.0,0.0,0.0,0.0,0.0,0.0,0.0,0.0,0.0,0.0,1.0,0.0,0.0,0.0,0.0,0.0,0.0,1.0,0.0,0.0,,,,,0.0,0.0,,,0.0,0.0,,,0.0,0.0,,,0.0,0.0,,,0.0,0.0,,,1
1.0,1.0,0.0055,0.0055,4.074559387207031,4.074559387207031,0.0055,0.0,4.074559387207031,0.0,1.0,0.0,0.0,1.0,1.0,1.0,0.0,1.0,1.0,1.0,0.0,0.0,0.0,0.0,0.0,0.0,0.0,0.0,0.0,0.0,0.0,0.0,0.0,0.0,1.0,0.0,0.0,0.0,0.0,0.0,0.0,1.0,0.0,0.0,,,,,0.0,0.0,,,0.0,0.0,,,0.0,0.0,,,0.0,0.0,,,0.0,0.0,,,0
22.0,4.0,0.01690993,0.01690993,11.858446694292601,11.858446694292601,0.0007686331818181818,9.521640543078514e-08,0.5390203042860274,0.04535165459700951,22.0,0.0,0.0,22.0,22.0,22.0,0.0,22.0,5.5,1.0,0.0,0.0,0.0,0.0,0.0,0.0,0.0,0.0,0.0,0.0,0.0,0.0,0.0,0.0,1.0,0.0,0.0,0.0,0.0,0.0,0.0,1.0,0.0,0.0,1.0476190476190477,4.664399092970522,1.576481562736164,3.4852941176470584,226.8181818181818,20649.148760330576,0.19480241933799308,1.9339349262197063,0.0,0.0,,,226.8181818181818,20649.148760330576,0.19480241933799308,1.9339349262197063,226.8181818181818,20649.148760330576,0.19480241933799308,1.9339349262197063,226.8181818181818,20649.148760330576,0.19480241933799308,1.9339349262197063,0
3.0,2.0,0.058120370000000005,0.058120370000000005,40.44568256192444,40.44568256192444,0.019373456666666667,0.00013899072163495556,13.481894187308148,67.69884036521056,3.0,0.0,0.0,3.0,3.0,3.0,0.0,3.0,1.5,1.0,0.0,0.0,0.0,0.0,0.0,0.0,0.0,0.0,0.0,0.0,0.0,0.0,0.0,0.0,1.0,0.0,0.0,0.0,0.0,0.0,0.0,1.0,0.0,0.0,1.5,2.25,0.0,1.0,117.0,26682.0,0.7069279018308273,1.5,0.0,0.0,,,117.0,26682.0,0.7069279018308273,1.5,117.0,26682.0,0.7069279018308273,1.5,117.0,26682.0,0.7069279018308273,1.5,0
4.0,1.0,0.04669044000000001,0.04669044000000001,32.84280652456299,32.84280652456299,0.011672610000000002,0.00035283116318890007,8.210701631140747,174.58013134780117,4.0,0.0,0.0,4.0,4.0,4.0,0.0,4.0,4.0,1.0,0.0,0.0,0.0,0.0,0.0,0.0,0.0,0.0,0.0,0.0,0.0,0.0,0.0,0.0,1.0,0.0,0.0,0.0,0.0,0.0,0.0,1.0,0.0,0.0,1.3333333333333333,3.555555555555556,0.7071067811865478,1.5000000000000004,108.5,5431.25,-0.2581277565202522,1.856360190211094,0.0,0.0,,,108.5,5431.25,-0.2581277565202522,1.856360190211094,108.5,5431.25,-0.2581277565202522,1.856360190211094,108.5,5431.25,-0.2581277565202522,1.856360190211094,0
1.0,1.0,0.05658429,0.05658429,39.80240978859192,39.80240978859192,0.05658429,0.0,39.80240978859192,0.0,1.0,0.0,0.0,1.0,1.0,1.0,0.0,1.0,1.0,1.0,0.0,0.0,0.0,0.0,0.0,0.0,0.0,0.0,0.0,0.0,0.0,0.0,0.0,0.0,1.0,0.0,0.0,0.0,0.0,0.0,0.0,1.0,0.0,0.0,,,,,0.0,0.0,,,0.0,0.0,,,0.0,0.0,,,0.0,0.0,,,0.0,0.0,,,4
1.0,1.0,0.06841622,0.06841622,48.112679469509274,48.112679469509274,0.06841622,0.0,48.112679469509274,0.0,1.0,0.0,0.0,1.0,1.0,1.0,0.0,1.0,1.0,1.0,0.0,0.0,0.0,0.0,0.0,0.0,0.0,0.0,0.0,0.0,0.0,0.0,0.0,0.0,1.0,0.0,0.0,0.0,0.0,0.0,0.0,1.0,0.0,0.0,,,,,0.0,0.0,,,0.0,0.0,,,0.0,0.0,,,0.0,0.0,,,0.0,0.0,,,4
1.0,1.0,0.45940865,0.45940865,316.3947428630157,316.3947428630157,0.45940865,0.0,316.3947428630157,0.0,1.0,0.0,0.0,1.0,1.0,1.0,0.0,1.0,1.0,1.0,0.0,0.0,0.0,0.0,0.0,0.0,0.0,0.0,0.0,0.0,0.0,0.0,0.0,0.0,1.0,0.0,0.0,0.0,0.0,0.0,0.0,1.0,0.0,0.0,,,,,0.0,0.0,,,0.0,0.0,,,0.0,0.0,,,0.0,0.0,,,0.0,0.0,,,4
1.0,1.0,0.075,0.075,51.65250091552734,51.65250091552734,0.075,0.0,51.65250091552734,0.0,1.0,0.0,0.0,1.0,1.0,1.0,0.0,1.0,1.0,1.0,0.0,0.0,0.0,0.0,0.0,0.0,0.0,0.0,0.0,0.0,0.0,0.0,0.0,0.0,1.0,0.0,0.0,0.0,0.0,0.0,0.0,1.0,0.0,0.0,,,,,0.0,0.0,,,0.0,0.0,,,0.0,0.0,,,0.0,0.0,,,0.0,0.0,,,4
1.0,1.0,0.22964641,0.22964641,158.1574853703009,158.1574853703009,0.22964641,0.0,158.1574853703009,0.0,1.0,0.0,0.0,1.0,1.0,1.0,0.0,1.0,1.0,1.0,0.0,0.0,0.0,0.0,0.0,0.0,0.0,0.0,0.0,0.0,0.0,0.0,0.0,0.0,1.0,0.0,0.0,0.0,0.0,0.0,0.0,1.0,0.0,0.0,,,,,0.0,0.0,,,0.0,0.0,,,0.0,0.0,,,0.0,0.0,,,0.0,0.0,,,4
1.0,1.0,0.58489282,0.58489282,411.31709370493405,411.31709370493405,0.58489282,0.0,411.31709370493405,0.0,1.0,0.0,0.0,1.0,1.0,1.0,0.0,1.0,1.0,1.0,0.0,0.0,0.0,0.0,0.0,0.0,0.0,0.0,0.0,0.0,0.0,0.0,0.0,0.0,1.0,0.0,0.0,0.0,0.0,0.0,0.0,1.0,0.0,0.0,,,,,0.0,0.0,,,0.0,0.0,,,0.0,0.0,,,0.0,0.0,,,0.0,0.0,,,4
1.0,1.0,0.0669944,0.0669944,49.631392983691406,49.631392983691406,0.0669944,0.0,49.631392983691406,0.0,1.0,0.0,0.0,1.0,1.0,1.0,0.0,1.0,1.0,1.0,0.0,0.0,0.0,0.0,0.0,0.0,0.0,0.0,0.0,0.0,0.0,0.0,0.0,0.0,1.0,0.0,0.0,0.0,0.0,0.0,0.0,1.0,0.0,0.0,,,,,0.0,0.0,,,0.0,0.0,,,0.0,0.0,,,0.0,0.0,,,0.0,0.0,,,4
1.0,1.0,0.00142724,0.00142724,1.003685100493164,1.003685100493164,0.00142724,0.0,1.003685100493164,0.0,1.0,0.0,0.0,1.0,1.0,1.0,0.0,1.0,1.0,1.0,0.0,0.0,0.0,0.0,0.0,0.0,0.0,0.0,0.0,0.0,0.0,0.0,0.0,0.0,1.0,0.0,0.0,0.0,0.0,0.0,0.0,1.0,0.0,0.0,,,,,0.0,0.0,,,0.0,0.0,,,0.0,0.0,,,0.0,0.0,,,0.0,0.0,,,4
1.0,1.0,0.41144299,0.41144299,289.3411050456531,289.3411050456531,0.41144299,0.0,289.3411050456531,0.0,1.0,0.0,0.0,1.0,1.0,1.0,0.0,1.0,1.0,1.0,0.0,0.0,0.0,0.0,0.0,0.0,0.0,0.0,0.0,0.0,0.0,0.0,0.0,0.0,1.0,0.0,0.0,0.0,0.0,0.0,0.0,1.0,0.0,0.0,,,,,0.0,0.0,,,0.0,0.0,,,0.0,0.0,,,0.0,0.0,,,0.0,0.0,,,4
2.0,1.0,1.1811,1.1811,840.3786019042968,840.3786019042968,0.59055,0.0146289025,420.1893009521484,7406.079637877207,2.0,0.0,0.0,2.0,2.0,2.0,0.0,2.0,2.0,1.0,0.0,0.0,0.0,0.0,0.0,0.0,0.0,0.0,0.0,0.0,0.0,0.0,0.0,0.0,1.0,0.0,0.0,0.0,0.0,0.0,0.0,1.0,0.0,0.0,0.0,0.0,,,0.5,0.25,0.0,1.0,0.0,0.0,,,0.5,0.25,0.0,1.0,0.5,0.25,0.0,1.0,0.5,0.25,0.0,1.0,5
1.0,1.0,0.01,0.01,6.8870001220703125,6.8870001220703125,0.01,0.0,6.8870001220703125,0.0,1.0,0.0,0.0,1.0,1.0,1.0,0.0,1.0,1.0,1.0,0.0,0.0,0.0,0.0,0.0,0.0,0.0,0.0,0.0,0.0,0.0,0.0,0.0,0.0,1.0,0.0,0.0,0.0,0.0,0.0,0.0,1.0,0.0,0.0,,,,,0.0,0.0,,,0.0,0.0,,,0.0,0.0,,,0.0,0.0,,,0.0,0.0,,,4
1.0,1.0,0.29943244,0.29943244,210.57136755718264,210.57136755718264,0.29943244,0.0,210.57136755718264,0.0,1.0,0.0,0.0,1.0,1.0,1.0,0.0,1.0,1.0,1.0,0.0,0.0,0.0,0.0,0.0,0.0,0.0,0.0,0.0,0.0,0.0,0.0,0.0,0.0,1.0,0.0,0.0,0.0,0.0,0.0,0.0,1.0,0.0,0.0,,,,,0.0,0.0,,,0.0,0.0,,,0.0,0.0,,,0.0,0.0,,,0.0,0.0,,,4
1.0,1.0,0.112,0.112,78.7828193359375,78.7828193359375,0.112,0.0,78.7828193359375,0.0,1.0,0.0,0.0,1.0,1.0,1.0,0.0,1.0,1.0,1.0,0.0,0.0,0.0,0.0,0.0,0.0,0.0,0.0,0.0,0.0,0.0,0.0,0.0,0.0,1.0,0.0,0.0,0.0,0.0,0.0,0.0,1.0,0.0,0.0,,,,,0.0,0.0,,,0.0,0.0,,,0.0,0.0,,,0.0,0.0,,,0.0,0.0,,,4
1.0,1.0,0.36917642,0.36917642,259.6853499995374,259.6853499995374,0.36917642,0.0,259.6853499995374,0.0,1.0,0.0,0.0,1.0,1.0,1.0,0.0,1.0,1.0,1.0,0.0,0.0,0.0,0.0,0.0,0.0,0.0,0.0,0.0,0.0,0.0,0.0,0.0,0.0,1.0,0.0,0.0,0.0,0.0,0.0,0.0,1.0,0.0,0.0,,,,,0.0,0.0,,,0.0,0.0,,,0.0,0.0,,,0.0,0.0,,,0.0,0.0,,,4
1.0,1.0,0.143193,0.143193,100.69832725744628,100.69832725744628,0.143193,0.0,100.69832725744628,0.0,1.0,0.0,0.0,1.0,1.0,1.0,0.0,1.0,1.0,1.0,0.0,0.0,0.0,0.0,0.0,0.0,0.0,0.0,0.0,0.0,0.0,0.0,0.0,0.0,1.0,0.0,0.0,0.0,0.0,0.0,0.0,1.0,0.0,0.0,,,,,0.0,0.0,,,0.0,0.0,,,0.0,0.0,,,0.0,0.0,,,0.0,0.0,,,4
1.0,1.0,0.34,0.34,241.91747070312502,241.91747070312502,0.34,0.0,241.91747070312502,0.0,1.0,0.0,0.0,1.0,1.0,1.0,0.0,1.0,1.0,1.0,0.0,0.0,0.0,0.0,0.0,0.0,0.0,0.0,0.0,0.0,0.0,0.0,0.0,0.0,1.0,0.0,0.0,0.0,0.0,0.0,0.0,1.0,0.0,0.0,,,,,0.0,0.0,,,0.0,0.0,,,0.0,0.0,,,0.0,0.0,,,0.0,0.0,,,4
1.0,1.0,8.87985966,8.87985966,6578.457369951642,6578.457369951642,8.87985966,0.0,6578.457369951642,0.0,1.0,0.0,0.0,1.0,1.0,1.0,0.0,1.0,1.0,1.0,0.0,0.0,0.0,0.0,0.0,0.0,0.0,0.0,0.0,0.0,0.0,0.0,0.0,0.0,1.0,0.0,0.0,0.0,0.0,0.0,0.0,1.0,0.0,0.0,,,,,0.0,0.0,,,0.0,0.0,,,0.0,0.0,,,0.0,0.0,,,0.0,0.0,,,4
1.0,1.0,0.33,0.33,232.06754516601563,232.06754516601563,0.33,0.0,232.06754516601563,0.0,1.0,0.0,0.0,1.0,1.0,1.0,0.0,1.0,1.0,1.0,0.0,0.0,0.0,0.0,0.0,0.0,0.0,0.0,0.0,0.0,0.0,0.0,0.0,0.0,1.0,0.0,0.0,0.0,0.0,0.0,0.0,1.0,0.0,0.0,,,,,0.0,0.0,,,0.0,0.0,,,0.0,0.0,,,0.0,0.0,,,0.0,0.0,,,4
1.0,1.0,0.0011,0.0011,0.7575700134277344,0.7575700134277344,0.0011,0.0,0.7575700134277344,0.0,1.0,0.0,0.0,1.0,1.0,1.0,0.0,1.0,1.0,1.0,0.0,0.0,0.0,0.0,0.0,0.0,0.0,0.0,0.0,0.0,0.0,0.0,0.0,0.0,1.0,0.0,0.0,0.0,0.0,0.0,0.0,1.0,0.0,0.0,,,,,0.0,0.0,,,0.0,0.0,,,0.0,0.0,,,0.0,0.0,,,0.0,0.0,,,1
1.0,1.0,0.392571,0.392571,276.14151937078856,276.14151937078856,0.392571,0.0,276.14151937078856,0.0,1.0,0.0,0.0,1.0,1.0,1.0,0.0,1.0,1.0,1.0,0.0,0.0,0.0,0.0,0.0,0.0,0.0,0.0,0.0,0.0,0.0,0.0,0.0,0.0,1.0,0.0,0.0,0.0,0.0,0.0,0.0,1.0,0.0,0.0,,,,,0.0,0.0,,,0.0,0.0,,,0.0,0.0,,,0.0,0.0,,,0.0,0.0,,,4
1.0,1.0,0.3991,0.3991,280.73413568725584,280.73413568725584,0.3991,0.0,280.73413568725584,0.0,1.0,0.0,0.0,1.0,1.0,1.0,0.0,1.0,1.0,1.0,0.0,0.0,0.0,0.0,0.0,0.0,0.0,0.0,0.0,0.0,0.0,0.0,0.0,0.0,1.0,0.0,0.0,0.0,0.0,0.0,0.0,1.0,0.0,0.0,,,,,0.0,0.0,,,0.0,0.0,,,0.0,0.0,,,0.0,0.0,,,0.0,0.0,,,4
3.0,2.0,0.00030000000000000003,0.00030000000000000003,0.20955360717773436,0.20955360717773436,0.0001,0.0,0.06985120239257812,4.81377869844438e-07,3.0,0.0,0.0,3.0,3.0,3.0,0.0,3.0,1.5,1.0,0.0,0.0,0.0,0.0,0.0,0.0,0.0,0.0,0.0,0.0,0.0,0.0,0.0,0.0,1.0,0.0,0.0,0.0,0.0,0.0,0.0,1.0,0.0,0.0,1.5,2.25,0.0,1.0,155.33333333333334,12194.88888888889,-0.673164867544896,1.4999999999999998,0.0,0.0,,,155.33333333333334,12194.88888888889,-0.673164867544896,1.4999999999999998,155.33333333333334,12194.88888888889,-0.673164867544896,1.4999999999999998,155.33333333333334,12194.88888888889,-0.673164867544896,1.4999999999999998,4
1.0,1.0,0.05633254,0.05633254,39.62532429959351,39.62532429959351,0.05633254,0.0,39.62532429959351,0.0,1.0,0.0,0.0,1.0,1.0,1.0,0.0,1.0,1.0,1.0,0.0,0.0,0.0,0.0,0.0,0.0,0.0,0.0,0.0,0.0,0.0,0.0,0.0,0.0,1.0,0.0,0.0,0.0,0.0,0.0,0.0,1.0,0.0,0.0,,,,,0.0,0.0,,,0.0,0.0,,,0.0,0.0,,,0.0,0.0,,,0.0,0.0,,,4
1.0,1.0,0.210159,0.210159,147.79116128649903,147.79116128649903,0.210159,0.0,147.79116128649903,0.0,1.0,0.0,0.0,1.0,1.0,1.0,0.0,1.0,1.0,1.0,0.0,0.0,0.0,0.0,0.0,0.0,0.0,0.0,0.0,0.0,0.0,0.0,0.0,0.0,1.0,0.0,0.0,0.0,0.0,0.0,0.0,1.0,0.0,0.0,,,,,0.0,0.0,,,0.0,0.0,,,0.0,0.0,,,0.0,0.0,,,0.0,0.0,,,4
1.0,1.0,0.00010368,0.00010368,0.07140441726562499,0.07140441726562499,0.00010368,0.0,0.07140441726562499,0.0,1.0,0.0,0.0,1.0,1.0,1.0,0.0,1.0,1.0,1.0,0.0,0.0,0.0,0.0,0.0,0.0,0.0,0.0,0.0,0.0,0.0,0.0,0.0,0.0,1.0,0.0,0.0,0.0,0.0,0.0,0.0,1.0,0.0,0.0,,,,,0.0,0.0,,,0.0,0.0,,,0.0,0.0,,,0.0,0.0,,,0.0,0.0,,,2
1.0,1.0,0.03139769,0.03139769,21.623589486272582,21.623589486272582,0.03139769,0.0,21.623589486272582,0.0,1.0,0.0,0.0,1.0,1.0,1.0,0.0,1.0,1.0,1.0,0.0,0.0,0.0,0.0,0.0,0.0,0.0,0.0,0.0,0.0,0.0,0.0,0.0,0.0,1.0,0.0,0.0,0.0,0.0,0.0,0.0,1.0,0.0,0.0,,,,,0.0,0.0,,,0.0,0.0,,,0.0,0.0,,,0.0,0.0,,,0.0,0.0,,,4
1.0,1.0,0.1246773,0.1246773,92.36455692484131,92.36455692484131,0.1246773,0.0,92.36455692484131,0.0,1.0,0.0,0.0,1.0,1.0,1.0,0.0,1.0,1.0,1.0,0.0,0.0,0.0,0.0,0.0,0.0,0.0,0.0,0.0,0.0,0.0,0.0,0.0,0.0,1.0,0.0,0.0,0.0,0.0,0.0,0.0,1.0,0.0,0.0,,,,,0.0,0.0,,,0.0,0.0,,,0.0,0.0,,,0.0,0.0,,,0.0,0.0,,,4
1.0,1.0,1.0,1.0,703.4180297851562,703.4180297851562,1.0,0.0,703.4180297851562,0.0,1.0,0.0,0.0,1.0,1.0,1.0,0.0,1.0,1.0,1.0,0.0,0.0,0.0,0.0,0.0,0.0,0.0,0.0,0.0,0.0,0.0,0.0,0.0,0.0,1.0,0.0,0.0,0.0,0.0,0.0,0.0,1.0,0.0,0.0,,,,,0.0,0.0,,,0.0,0.0,,,0.0,0.0,,,0.0,0.0,,,0.0,0.0,,,4
1.0,1.0,0.003,0.003,2.1097049560546877,2.1097049560546877,0.003,0.0,2.1097049560546877,0.0,1.0,0.0,0.0,1.0,1.0,1.0,0.0,1.0,1.0,1.0,0.0,0.0,0.0,0.0,0.0,0.0,0.0,0.0,0.0,0.0,0.0,0.0,0.0,0.0,1.0,0.0,0.0,0.0,0.0,0.0,0.0,1.0,0.0,0.0,,,,,0.0,0.0,,,0.0,0.0,,,0.0,0.0,,,0.0,0.0,,,0.0,0.0,,,1
1.0,1.0,0.55514823,0.55514823,411.2698966977942,411.2698966977942,0.55514823,0.0,411.2698966977942,0.0,1.0,0.0,0.0,1.0,1.0,1.0,0.0,1.0,1.0,1.0,0.0,0.0,0.0,0.0,0.0,0.0,0.0,0.0,0.0,0.0,0.0,0.0,0.0,0.0,1.0,0.0,0.0,0.0,0.0,0.0,0.0,1.0,0.0,0.0,,,,,0.0,0.0,,,0.0,0.0,,,0.0,0.0,,,0.0,0.0,,,0.0,0.0,,,4
1.0,1.0,0.03754615,0.03754615,26.403766245257568,26.403766245257568,0.03754615,0.0,26.403766245257568,0.0,1.0,0.0,0.0,1.0,1.0,1.0,0.0,1.0,1.0,1.0,0.0,0.0,0.0,0.0,0.0,0.0,0.0,0.0,0.0,0.0,0.0,0.0,0.0,0.0,1.0,0.0,0.0,0.0,0.0,0.0,0.0,1.0,0.0,0.0,,,,,0.0,0.0,,,0.0,0.0,,,0.0,0.0,,,0.0,0.0,,,0.0,0.0,,,4
1.0,1.0,0.01000372,0.01000372,6.889562086115723,6.889562086115723,0.01000372,0.0,6.889562086115723,0.0,1.0,0.0,0.0,1.0,1.0,1.0,0.0,1.0,1.0,1.0,0.0,0.0,0.0,0.0,0.0,0.0,0.0,0.0,0.0,0.0,0.0,0.0,0.0,0.0,1.0,0.0,0.0,0.0,0.0,0.0,0.0,1.0,0.0,0.0,,,,,0.0,0.0,,,0.0,0.0,,,0.0,0.0,,,0.0,0.0,,,0.0,0.0,,,4
1.0,1.0,0.29943244,0.29943244,210.57136755718264,210.57136755718264,0.29943244,0.0,210.57136755718264,0.0,1.0,0.0,0.0,1.0,1.0,1.0,0.0,1.0,1.0,1.0,0.0,0.0,0.0,0.0,0.0,0.0,0.0,0.0,0.0,0.0,0.0,0.0,0.0,0.0,1.0,0.0,0.0,0.0,0.0,0.0,0.0,1.0,0.0,0.0,,,,,0.0,0.0,,,0.0,0.0,,,0.0,0.0,,,0.0,0.0,,,0.0,0.0,,,4
1.0,1.0,0.02,0.02,14.068360595703126,14.068360595703126,0.02,0.0,14.068360595703126,0.0,1.0,0.0,0.0,1.0,1.0,1.0,0.0,1.0,1.0,1.0,0.0,0.0,0.0,0.0,0.0,0.0,0.0,0.0,0.0,0.0,0.0,0.0,0.0,0.0,1.0,0.0,0.0,0.0,0.0,0.0,0.0,1.0,0.0,0.0,,,,,0.0,0.0,,,0.0,0.0,,,0.0,0.0,,,0.0,0.0,,,0.0,0.0,,,4
1.0,1.0,0.03519828,0.03519828,24.241055865666503,24.241055865666503,0.03519828,0.0,24.241055865666503,0.0,1.0,0.0,0.0,1.0,1.0,1.0,0.0,1.0,1.0,1.0,0.0,0.0,0.0,0.0,0.0,0.0,0.0,0.0,0.0,0.0,0.0,0.0,0.0,0.0,1.0,0.0,0.0,0.0,0.0,0.0,0.0,1.0,0.0,0.0,,,,,0.0,0.0,,,0.0,0.0,,,0.0,0.0,,,0.0,0.0,,,0.0,0.0,,,4
1.0,1.0,0.49,0.49,344.5851428222656,344.5851428222656,0.49,0.0,344.5851428222656,0.0,1.0,0.0,0.0,1.0,1.0,1.0,0.0,1.0,1.0,1.0,0.0,0.0,0.0,0.0,0.0,0.0,0.0,0.0,0.0,0.0,0.0,0.0,0.0,0.0,1.0,0.0,0.0,0.0,0.0,0.0,0.0,1.0,0.0,0.0,,,,,0.0,0.0,,,0.0,0.0,,,0.0,0.0,,,0.0,0.0,,,0.0,0.0,,,4
1.0,1.0,0.05,0.05,35.161749267578124,35.161749267578124,0.05,0.0,35.161749267578124,0.0,1.0,0.0,0.0,1.0,1.0,1.0,0.0,1.0,1.0,1.0,0.0,0.0,0.0,0.0,0.0,0.0,0.0,0.0,0.0,0.0,0.0,0.0,0.0,0.0,1.0,0.0,0.0,0.0,0.0,0.0,0.0,1.0,0.0,0.0,,,,,0.0,0.0,,,0.0,0.0,,,0.0,0.0,,,0.0,0.0,,,0.0,0.0,,,4
2.0,1.0,0.00202,0.00202,1.4209044201660155,1.4209044201660155,0.00101,9.801e-07,0.7104522100830077,0.48495046582675694,2.0,0.0,0.0,2.0,2.0,2.0,0.0,2.0,2.0,1.0,0.0,0.0,0.0,0.0,0.0,0.0,0.0,0.0,0.0,0.0,0.0,0.0,0.0,0.0,1.0,0.0,0.0,0.0,0.0,0.0,0.0,1.0,0.0,0.0,0.0,0.0,,,0.0,0.0,,,0.0,0.0,,,0.0,0.0,,,0.0,0.0,,,0.0,0.0,,,4
1.0,1.0,0.15108009,0.15108009,111.92450889628785,111.92450889628785,0.15108009,0.0,111.92450889628785,0.0,1.0,0.0,0.0,1.0,1.0,1.0,0.0,1.0,1.0,1.0,0.0,0.0,0.0,0.0,0.0,0.0,0.0,0.0,0.0,0.0,0.0,0.0,0.0,0.0,1.0,0.0,0.0,0.0,0.0,0.0,0.0,1.0,0.0,0.0,,,,,0.0,0.0,,,0.0,0.0,,,0.0,0.0,,,0.0,0.0,,,0.0,0.0,,,4
1.0,1.0,0.13528905,0.13528905,95.16475700250548,95.16475700250548,0.13528905,0.0,95.16475700250548,0.0,1.0,0.0,0.0,1.0,1.0,1.0,0.0,1.0,1.0,1.0,0.0,0.0,0.0,0.0,0.0,0.0,0.0,0.0,0.0,0.0,0.0,0.0,0.0,0.0,1.0,0.0,0.0,0.0,0.0,0.0,0.0,1.0,0.0,0.0,,,,,0.0,0.0,,,0.0,0.0,,,0.0,0.0,,,0.0,0.0,,,0.0,0.0,,,4
1.0,1.0,0.212522,0.212522,149.49180652600097,149.49180652600097,0.212522,0.0,149.49180652600097,0.0,1.0,0.0,0.0,1.0,1.0,1.0,0.0,1.0,1.0,1.0,0.0,0.0,0.0,0.0,0.0,0.0,0.0,0.0,0.0,0.0,0.0,0.0,0.0,0.0,1.0,0.0,0.0,0.0,0.0,0.0,0.0,1.0,0.0,0.0,,,,,0.0,0.0,,,0.0,0.0,,,0.0,0.0,,,0.0,0.0,,,0.0,0.0,,,4
1.0,1.0,0.2,0.2,140.68360595703126,140.68360595703126,0.2,0.0,140.68360595703126,0.0,1.0,0.0,0.0,1.0,1.0,1.0,0.0,1.0,1.0,1.0,0.0,0.0,0.0,0.0,0.0,0.0,0.0,0.0,0.0,0.0,0.0,0.0,0.0,0.0,1.0,0.0,0.0,0.0,0.0,0.0,0.0,1.0,0.0,0.0,,,,,0.0,0.0,,,0.0,0.0,,,0.0,0.0,,,0.0,0.0,,,0.0,0.0,,,4
1.0,1.0,0.16822985,0.16822985,118.33590963805236,118.33590963805236,0.16822985,0.0,118.33590963805236,0.0,1.0,0.0,0.0,1.0,1.0,1.0,0.0,1.0,1.0,1.0,0.0,0.0,0.0,0.0,0.0,0.0,0.0,0.0,0.0,0.0,0.0,0.0,0.0,0.0,1.0,0.0,0.0,0.0,0.0,0.0,0.0,1.0,0.0,0.0,,,,,0.0,0.0,,,0.0,0.0,,,0.0,0.0,,,0.0,0.0,,,0.0,0.0,,,4
1.0,1.0,0.1143456,0.1143456,78.74981611582032,78.74981611582032,0.1143456,0.0,78.74981611582032,0.0,1.0,0.0,0.0,1.0,1.0,1.0,0.0,1.0,1.0,1.0,0.0,0.0,0.0,0.0,0.0,0.0,0.0,0.0,0.0,0.0,0.0,0.0,0.0,0.0,1.0,0.0,0.0,0.0,0.0,0.0,0.0,1.0,0.0,0.0,,,,,0.0,0.0,,,0.0,0.0,,,0.0,0.0,,,0.0,0.0,,,0.0,0.0,,,4
1.0,1.0,1.65739952,1.65739952,1165.5413271688867,1165.5413271688867,1.65739952,0.0,1165.5413271688867,0.0,1.0,0.0,0.0,1.0,1.0,1.0,0.0,1.0,1.0,1.0,0.0,0.0,0.0,0.0,0.0,0.0,0.0,0.0,0.0,0.0,0.0,0.0,0.0,0.0,1.0,0.0,0.0,0.0,0.0,0.0,0.0,1.0,0.0,0.0,,,,,0.0,0.0,,,0.0,0.0,,,0.0,0.0,,,0.0,0.0,,,0.0,0.0,,,4
5.0,1.0,2.3596724800000004,2.3596724800000004,1659.8361668198536,1659.8361668198536,0.4719344960000001,0.21311436809413542,331.9672333639707,105448.3339267686,5.0,0.0,0.0,5.0,5.0,5.0,0.0,5.0,5.0,1.0,0.0,0.0,0.0,0.0,0.0,0.0,0.0,0.0,0.0,0.0,0.0,0.0,0.0,0.0,1.0,0.0,0.0,0.0,0.0,0.0,0.0,1.0,0.0,0.0,0.0,0.0,,,5.4,41.04,1.3703729243142675,3.1057248384118186,0.0,0.0,,,5.4,41.04,1.3703729243142675,3.1057248384118186,5.4,41.04,1.3703729243142675,3.1057248384118186,5.4,41.04,1.3703729243142675,3.1057248384118186,4
1.0,1.0,0.4048665,0.4048665,284.790395756012,284.790395756012,0.4048665,0.0,284.790395756012,0.0,1.0,0.0,0.0,1.0,1.0,1.0,0.0,1.0,1.0,1.0,0.0,0.0,0.0,0.0,0.0,0.0,0.0,0.0,0.0,0.0,0.0,0.0,0.0,0.0,1.0,0.0,0.0,0.0,0.0,0.0,0.0,1.0,0.0,0.0,,,,,0.0,0.0,,,0.0,0.0,,,0.0,0.0,,,0.0,0.0,,,0.0,0.0,,,4
1.0,1.0,0.09879223,0.09879223,69.47415241689819,69.47415241689819,0.09879223,0.0,69.47415241689819,0.0,1.0,0.0,0.0,1.0,1.0,1.0,0.0,1.0,1.0,1.0,0.0,0.0,0.0,0.0,0.0,0.0,0.0,0.0,0.0,0.0,0.0,0.0,0.0,0.0,1.0,0.0,0.0,0.0,0.0,0.0,0.0,1.0,0.0,0.0,,,,,0.0,0.0,,,0.0,0.0,,,0.0,0.0,,,0.0,0.0,,,0.0,0.0,,,4
1.0,1.0,1.067598,1.067598,735.2547556322022,735.2547556322022,1.067598,0.0,735.2547556322022,0.0,1.0,0.0,0.0,1.0,1.0,1.0,0.0,1.0,1.0,1.0,0.0,0.0,0.0,0.0,0.0,0.0,0.0,0.0,0.0,0.0,0.0,0.0,0.0,0.0,1.0,0.0,0.0,0.0,0.0,0.0,0.0,1.0,0.0,0.0,,,,,0.0,0.0,,,0.0,0.0,,,0.0,0.0,,,0.0,0.0,,,0.0,0.0,,,4
1.0,1.0,0.0011,0.0011,0.8149118774414063,0.8149118774414063,0.0011,0.0,0.8149118774414063,0.0,1.0,0.0,0.0,1.0,1.0,1.0,0.0,1.0,1.0,1.0,0.0,0.0,0.0,0.0,0.0,0.0,0.0,0.0,0.0,0.0,0.0,0.0,0.0,0.0,1.0,0.0,0.0,0.0,0.0,0.0,0.0,1.0,0.0,0.0,,,,,0.0,0.0,,,0.0,0.0,,,0.0,0.0,,,0.0,0.0,,,0.0,0.0,,,1
1.0,1.0,0.243404,0.243404,171.21476212182617,171.21476212182617,0.243404,0.0,171.21476212182617,0.0,1.0,0.0,0.0,1.0,1.0,1.0,0.0,1.0,1.0,1.0,0.0,0.0,0.0,0.0,0.0,0.0,0.0,0.0,0.0,0.0,0.0,0.0,0.0,0.0,1.0,0.0,0.0,0.0,0.0,0.0,0.0,1.0,0.0,0.0,,,,,0.0,0.0,,,0.0,0.0,,,0.0,0.0,,,0.0,0.0,,,0.0,0.0,,,4
1.0,1.0,0.8170832,0.8170832,605.318913216211,605.318913216211,0.8170832,0.0,605.318913216211,0.0,1.0,0.0,0.0,1.0,1.0,1.0,0.0,1.0,1.0,1.0,0.0,0.0,0.0,0.0,0.0,0.0,0.0,0.0,0.0,0.0,0.0,0.0,0.0,0.0,1.0,0.0,0.0,0.0,0.0,0.0,0.0,1.0,0.0,0.0,,,,,0.0,0.0,,,0.0,0.0,,,0.0,0.0,,,0.0,0.0,,,0.0,0.0,,,4
1.0,1.0,0.227,0.227,168.16817834472656,168.16817834472656,0.227,0.0,168.16817834472656,0.0,1.0,0.0,0.0,1.0,1.0,1.0,0.0,1.0,1.0,1.0,0.0,0.0,0.0,0.0,0.0,0.0,0.0,0.0,0.0,0.0,0.0,0.0,0.0,0.0,1.0,0.0,0.0,0.0,0.0,0.0,0.0,1.0,0.0,0.0,,,,,0.0,0.0,,,0.0,0.0,,,0.0,0.0,,,0.0,0.0,,,0.0,0.0,,,4
1.0,1.0,0.17,0.17,125.94092651367188,125.94092651367188,0.17,0.0,125.94092651367188,0.0,1.0,0.0,0.0,1.0,1.0,1.0,0.0,1.0,1.0,1.0,0.0,0.0,0.0,0.0,0.0,0.0,0.0,0.0,0.0,0.0,0.0,0.0,0.0,0.0,1.0,0.0,0.0,0.0,0.0,0.0,0.0,1.0,0.0,0.0,,,,,0.0,0.0,,,0.0,0.0,,,0.0,0.0,,,0.0,0.0,,,0.0,0.0,,,4
4.0,1.0,0.37141835,0.37141835,261.2623639830536,261.2623639830536,0.0928545875,2.9324992407918724e-05,65.3155909957634,14.50991605814334,4.0,0.0,0.0,4.0,4.0,4.0,0.0,4.0,4.0,1.0,0.0,0.0,0.0,0.0,0.0,0.0,0.0,0.0,0.0,0.0,0.0,0.0,0.0,0.0,1.0,0.0,0.0,0.0,0.0,0.0,0.0,1.0,0.0,0.0,0.0,0.0,,,9.5,110.25,0.9122125040492387,2.1333549292732967,0.0,0.0,,,9.5,110.25,0.9122125040492387,2.1333549292732967,9.5,110.25,0.9122125040492387,2.1333549292732967,9.5,110.25,0.9122125040492387,2.1333549292732967,5
1.0,1.0,0.06613684,0.06613684,45.54844251533447,45.54844251533447,0.06613684,0.0,45.54844251533447,0.0,1.0,0.0,0.0,1.0,1.0,1.0,0.0,1.0,1.0,1.0,0.0,0.0,0.0,0.0,0.0,0.0,0.0,0.0,0.0,0.0,0.0,0.0,0.0,0.0,1.0,0.0,0.0,0.0,0.0,0.0,0.0,1.0,0.0,0.0,,,,,0.0,0.0,,,0.0,0.0,,,0.0,0.0,,,0.0,0.0,,,0.0,0.0,,,4
1.0,1.0,0.06634975,0.06634975,46.65946546932983,46.65946546932983,0.06634975,0.0,46.65946546932983,0.0,1.0,0.0,0.0,1.0,1.0,1.0,0.0,1.0,1.0,1.0,0.0,0.0,0.0,0.0,0.0,0.0,0.0,0.0,0.0,0.0,0.0,0.0,0.0,0.0,1.0,0.0,0.0,0.0,0.0,0.0,0.0,1.0,0.0,0.0,,,,,0.0,0.0,,,0.0,0.0,,,0.0,0.0,,,0.0,0.0,,,0.0,0.0,,,4
1.0,1.0,3.40723216,3.40723216,2396.0848581269724,2396.0848581269724,3.40723216,0.0,2396.0848581269724,0.0,1.0,0.0,0.0,1.0,1.0,1.0,0.0,1.0,1.0,1.0,0.0,0.0,0.0,0.0,0.0,0.0,0.0,0.0,0.0,0.0,0.0,0.0,0.0,0.0,1.0,0.0,0.0,0.0,0.0,0.0,0.0,1.0,0.0,0.0,,,,,0.0,0.0,,,0.0,0.0,,,0.0,0.0,,,0.0,0.0,,,0.0,0.0,,,4
1.0,1.0,0.354904,0.354904,249.64587244287108,249.64587244287108,0.354904,0.0,249.64587244287108,0.0,1.0,0.0,0.0,1.0,1.0,1.0,0.0,1.0,1.0,1.0,0.0,0.0,0.0,0.0,0.0,0.0,0.0,0.0,0.0,0.0,0.0,0.0,0.0,0.0,1.0,0.0,0.0,0.0,0.0,0.0,0.0,1.0,0.0,0.0,,,,,0.0,0.0,,,0.0,0.0,,,0.0,0.0,,,0.0,0.0,,,0.0,0.0,,,4
1.0,1.0,0.05640548,0.05640548,41.78681418616699,41.78681418616699,0.05640548,0.0,41.78681418616699,0.0,1.0,0.0,0.0,1.0,1.0,1.0,0.0,1.0,1.0,1.0,0.0,0.0,0.0,0.0,0.0,0.0,0.0,0.0,0.0,0.0,0.0,0.0,0.0,0.0,1.0,0.0,0.0,0.0,0.0,0.0,0.0,1.0,0.0,0.0,,,,,0.0,0.0,,,0.0,0.0,,,0.0,0.0,,,0.0,0.0,,,0.0,0.0,,,4
1.0,1.0,0.01000455,0.01000455,7.1184571515380854,7.1184571515380854,0.01000455,0.0,7.1184571515380854,0.0,1.0,0.0,0.0,1.0,1.0,1.0,0.0,1.0,1.0,1.0,0.0,0.0,0.0,0.0,0.0,0.0,0.0,0.0,0.0,0.0,0.0,0.0,0.0,0.0,1.0,0.0,0.0,0.0,0.0,0.0,0.0,1.0,0.0,0.0,,,,,0.0,0.0,,,0.0,0.0,,,0.0,0.0,,,0.0,0.0,,,0.0,0.0,,,4
1.0,1.0,0.04305903,0.04305903,30.288498047059935,30.288498047059935,0.04305903,0.0,30.288498047059935,0.0,1.0,0.0,0.0,1.0,1.0,1.0,0.0,1.0,1.0,1.0,0.0,0.0,0.0,0.0,0.0,0.0,0.0,0.0,0.0,0.0,0.0,0.0,0.0,0.0,1.0,0.0,0.0,0.0,0.0,0.0,0.0,1.0,0.0,0.0,,,,,0.0,0.0,,,0.0,0.0,,,0.0,0.0,,,0.0,0.0,,,0.0,0.0,,,5
1.0,1.0,0.36594945,0.36594945,257.41544111996154,257.41544111996154,0.36594945,0.0,257.41544111996154,0.0,1.0,0.0,0.0,1.0,1.0,1.0,0.0,1.0,1.0,1.0,0.0,0.0,0.0,0.0,0.0,0.0,0.0,0.0,0.0,0.0,0.0,0.0,0.0,0.0,1.0,0.0,0.0,0.0,0.0,0.0,0.0,1.0,0.0,0.0,,,,,0.0,0.0,,,0.0,0.0,,,0.0,0.0,,,0.0,0.0,,,0.0,0.0,,,4
1.0,1.0,2.37146191,2.37146191,1668.1290644427434,1668.1290644427434,2.37146191,0.0,1668.1290644427434,0.0,1.0,0.0,0.0,1.0,1.0,1.0,0.0,1.0,1.0,1.0,0.0,0.0,0.0,0.0,0.0,0.0,0.0,0.0,0.0,0.0,0.0,0.0,0.0,0.0,1.0,0.0,0.0,0.0,0.0,0.0,0.0,1.0,0.0,0.0,,,,,0.0,0.0,,,0.0,0.0,,,0.0,0.0,,,0.0,0.0,,,0.0,0.0,,,4
1.0,1.0,0.65346832,0.65346832,459.661398181416,459.661398181416,0.65346832,0.0,459.661398181416,0.0,1.0,0.0,0.0,1.0,1.0,1.0,0.0,1.0,1.0,1.0,0.0,0.0,0.0,0.0,0.0,0.0,0.0,0.0,0.0,0.0,0.0,0.0,0.0,0.0,1.0,0.0,0.0,0.0,0.0,0.0,0.0,1.0,0.0,0.0,,,,,0.0,0.0,,,0.0,0.0,,,0.0,0.0,,,0.0,0.0,,,0.0,0.0,,,4
2.0,1.0,0.0591664,0.0591664,43.83218373222657,43.83218373222657,0.0295832,0.0003477240349696,21.916091866113284,190.84053952676044,2.0,0.0,0.0,2.0,2.0,2.0,0.0,2.0,2.0,1.0,0.0,0.0,0.0,0.0,0.0,0.0,0.0,0.0,0.0,0.0,0.0,0.0,0.0,0.0,1.0,0.0,0.0,0.0,0.0,0.0,0.0,1.0,0.0,0.0,0.0,0.0,,,0.0,0.0,,,0.0,0.0,,,0.0,0.0,,,0.0,0.0,,,0.0,0.0,,,4
1.0,1.0,0.00892116,0.00892116,6.144003000900878,6.144003000900878,0.00892116,0.0,6.144003000900878,0.0,1.0,0.0,0.0,1.0,1.0,1.0,0.0,1.0,1.0,1.0,0.0,0.0,0.0,0.0,0.0,0.0,0.0,0.0,0.0,0.0,0.0,0.0,0.0,0.0,1.0,0.0,0.0,0.0,0.0,0.0,0.0,1.0,0.0,0.0,,,,,0.0,0.0,,,0.0,0.0,,,0.0,0.0,,,0.0,0.0,,,0.0,0.0,,,5
1.0,1.0,0.23832998,0.23832998,167.6019799941382,167.6019799941382,0.23832998,0.0,167.6019799941382,0.0,1.0,0.0,0.0,1.0,1.0,1.0,0.0,1.0,1.0,1.0,0.0,0.0,0.0,0.0,0.0,0.0,0.0,0.0,0.0,0.0,0.0,0.0,0.0,0.0,1.0,0.0,0.0,0.0,0.0,0.0,0.0,1.0,0.0,0.0,,,,,0.0,0.0,,,0.0,0.0,,,0.0,0.0,,,0.0,0.0,,,0.0,0.0,,,4
1.0,1.0,0.59567109,0.59567109,410.23868695437557,410.23868695437557,0.59567109,0.0,410.23868695437557,0.0,1.0,0.0,0.0,1.0,1.0,1.0,0.0,1.0,1.0,1.0,0.0,0.0,0.0,0.0,0.0,0.0,0.0,0.0,0.0,0.0,0.0,0.0,0.0,0.0,1.0,0.0,0.0,0.0,0.0,0.0,0.0,1.0,0.0,0.0,,,,,0.0,0.0,,,0.0,0.0,,,0.0,0.0,,,0.0,0.0,,,0.0,0.0,,,4
1.0,1.0,0.970408,0.485204,682.6024834477539,341.30124172387696,0.485204,0.0,341.30124172387696,0.0,0.0,0.0,1.0,1.0,1.0,1.0,1.0,1.0,1.0,0.0,1.0,0.0,0.0,0.0,0.0,0.0,1.0,0.0,0.0,0.0,0.0,0.0,0.0,0.0,0.0,0.0,0.0,0.0,0.0,0.0,0.0,1.0,0.0,0.0,,,,,0.0,0.0,,,0.0,0.0,,,0.0,0.0,,,0.0,0.0,,,0.0,0.0,,,4
1.0,1.0,0.0707,0.0707,49.71871346435547,49.71871346435547,0.0707,0.0,49.71871346435547,0.0,1.0,0.0,0.0,1.0,1.0,1.0,0.0,1.0,1.0,1.0,0.0,0.0,0.0,0.0,0.0,0.0,0.0,0.0,0.0,0.0,0.0,0.0,0.0,0.0,1.0,0.0,0.0,0.0,0.0,0.0,0.0,1.0,0.0,0.0,,,,,0.0,0.0,,,0.0,0.0,,,0.0,0.0,,,0.0,0.0,,,0.0,0.0,,,5
1.0,1.0,0.05,0.05,37.041448974609374,37.041448974609374,0.05,0.0,37.041448974609374,0.0,1.0,0.0,0.0,1.0,1.0,1.0,0.0,1.0,1.0,1.0,0.0,0.0,0.0,0.0,0.0,0.0,0.0,0.0,0.0,0.0,0.0,0.0,0.0,0.0,1.0,0.0,0.0,0.0,0.0,0.0,0.0,1.0,0.0,0.0,,,,,0.0,0.0,,,0.0,0.0,,,0.0,0.0,,,0.0,0.0,,,0.0,0.0,,,1
1.0,1.0,0.0101,0.0101,7.104522100830078,7.104522100830078,0.0101,0.0,7.104522100830078,0.0,1.0,0.0,0.0,1.0,1.0,1.0,0.0,1.0,1.0,1.0,0.0,0.0,0.0,0.0,0.0,0.0,0.0,0.0,0.0,0.0,0.0,0.0,0.0,0.0,1.0,0.0,0.0,0.0,0.0,0.0,0.0,1.0,0.0,0.0,,,,,0.0,0.0,,,0.0,0.0,,,0.0,0.0,,,0.0,0.0,,,0.0,0.0,,,1
1.0,1.0,0.00142503,0.00142503,1.0023917949847412,1.0023917949847412,0.00142503,0.0,1.0023917949847412,0.0,1.0,0.0,0.0,1.0,1.0,1.0,0.0,1.0,1.0,1.0,0.0,0.0,0.0,0.0,0.0,0.0,0.0,0.0,0.0,0.0,0.0,0.0,0.0,0.0,1.0,0.0,0.0,0.0,0.0,0.0,0.0,1.0,0.0,0.0,,,,,0.0,0.0,,,0.0,0.0,,,0.0,0.0,,,0.0,0.0,,,0.0,0.0,,,1
1.0,1.0,0.01383301,0.01383301,9.526794155859985,9.526794155859985,0.01383301,0.0,9.526794155859985,0.0,1.0,0.0,0.0,1.0,1.0,1.0,0.0,1.0,1.0,1.0,0.0,0.0,0.0,0.0,0.0,0.0,0.0,0.0,0.0,0.0,0.0,0.0,0.0,0.0,1.0,0.0,0.0,0.0,0.0,0.0,0.0,1.0,0.0,0.0,,,,,0.0,0.0,,,0.0,0.0,,,0.0,0.0,,,0.0,0.0,,,0.0,0.0,,,1
15.0,1.0,5.66561584,5.66561584,3901.90969816835,3901.90969816835,0.3777077226666667,0.26787912199038283,260.1273132112234,127057.13205459686,15.0,0.0,0.0,15.0,15.0,15.0,0.0,15.0,15.0,1.0,0.0,0.0,0.0,0.0,0.0,0.0,0.0,0.0,0.0,0.0,0.0,0.0,0.0,0.0,1.0,0.0,0.0,0.0,0.0,0.0,0.0,1.0,0.0,0.0,0.0,0.0,,,0.6,0.5066666666666667,0.7541980482736796,2.297783933518005,0.0,0.0,,,0.6,0.5066666666666667,0.7541980482736796,2.297783933518005,0.6,0.5066666666666667,0.7541980482736796,2.297783933518005,0.6,0.5066666666666667,0.7541980482736796,2.297783933518005,5
1.0,1.0,0.021271,0.021271,14.96240491156006,14.96240491156006,0.021271,0.0,14.96240491156006,0.0,1.0,0.0,0.0,1.0,1.0,1.0,0.0,1.0,1.0,1.0,0.0,0.0,0.0,0.0,0.0,0.0,0.0,0.0,0.0,0.0,0.0,0.0,0.0,0.0,1.0,0.0,0.0,0.0,0.0,0.0,0.0,1.0,0.0,0.0,,,,,0.0,0.0,,,0.0,0.0,,,0.0,0.0,,,0.0,0.0,,,0.0,0.0,,,1
1.0,1.0,0.025,0.025,17.580874633789062,17.580874633789062,0.025,0.0,17.580874633789062,0.0,1.0,0.0,0.0,1.0,1.0,1.0,0.0,1.0,1.0,1.0,0.0,0.0,0.0,0.0,0.0,0.0,0.0,0.0,0.0,0.0,0.0,0.0,0.0,0.0,1.0,0.0,0.0,0.0,0.0,0.0,0.0,1.0,0.0,0.0,,,,,0.0,0.0,,,0.0,0.0,,,0.0,0.0,,,0.0,0.0,,,0.0,0.0,,,1
24.0,4.0,5.890587569999999,5.890587569999999,4202.0234116564625,4202.0234116564625,0.24544114875,0.23696694652888875,175.08430881901927,121026.11177980473,24.0,0.0,0.0,24.0,24.0,24.0,0.0,24.0,6.0,1.0,0.0,0.0,0.0,0.0,0.0,0.0,0.0,0.0,0.0,0.0,0.0,0.0,0.0,0.0,1.0,0.0,0.0,0.0,0.0,0.0,0.0,1.0,0.0,0.0,1.0434782608695652,5.172022684310017,1.7206180040292136,3.9605263157894752,249.29166666666666,38451.289930555555,-0.06680807461340404,1.2736171431034917,0.0,0.0,,,249.29166666666666,38451.289930555555,-0.06680807461340404,1.2736171431034917,249.29166666666666,38451.289930555555,-0.06680807461340404,1.2736171431034917,249.29166666666666,38451.289930555555,-0.06680807461340404,1.2736171431034917,5
3.0,1.0,0.28700000000000003,0.28700000000000003,198.80516638183593,198.80516638183593,0.09566666666666668,0.00015555555555555556,66.2683887939453,65.28743766412471,3.0,0.0,0.0,3.0,3.0,3.0,0.0,3.0,3.0,1.0,0.0,0.0,0.0,0.0,0.0,0.0,0.0,0.0,0.0,0.0,0.0,0.0,0.0,0.0,1.0,0.0,0.0,0.0,0.0,0.0,0.0,1.0,0.0,0.0,1.5,2.25,0.0,1.0,60.333333333333336,5228.222222222222,0.6706644359648661,1.5,0.0,0.0,,,60.333333333333336,5228.222222222222,0.6706644359648661,1.5,60.333333333333336,5228.222222222222,0.6706644359648661,1.5,60.333333333333336,5228.222222222222,0.6706644359648661,1.5,5
2.0,1.0,2.1917999999999997,2.1917999999999997,1541.7516376831054,1541.7516376831054,1.0958999999999999,0.02702736,770.8758188415527,13373.05460878223,2.0,0.0,0.0,2.0,2.0,2.0,0.0,2.0,2.0,1.0,0.0,0.0,0.0,0.0,0.0,0.0,0.0,0.0,0.0,0.0,0.0,0.0,0.0,0.0,1.0,0.0,0.0,0.0,0.0,0.0,0.0,1.0,0.0,0.0,0.0,0.0,,,2.0,4.0,0.0,1.0,0.0,0.0,,,2.0,4.0,0.0,1.0,2.0,4.0,0.0,1.0,2.0,4.0,0.0,1.0,5
1.0,1.0,0.4884,0.4884,336.36108596191406,336.36108596191406,0.4884,0.0,336.36108596191406,0.0,1.0,0.0,0.0,1.0,1.0,1.0,0.0,1.0,1.0,1.0,0.0,0.0,0.0,0.0,0.0,0.0,0.0,0.0,0.0,0.0,0.0,0.0,0.0,0.0,1.0,0.0,0.0,0.0,0.0,0.0,0.0,1.0,0.0,0.0,,,,,0.0,0.0,,,0.0,0.0,,,0.0,0.0,,,0.0,0.0,,,0.0,0.0,,,5
2.0,2.0,0.003197,0.003197,2.2312099741821285,2.2312099741821285,0.0015985,1.6120225000000005e-07,1.1156049870910643,0.08481553757741303,2.0,0.0,0.0,2.0,2.0,2.0,0.0,2.0,1.0,1.0,0.0,0.0,0.0,0.0,0.0,0.0,0.0,0.0,0.0,0.0,0.0,0.0,0.0,0.0,1.0,0.0,0.0,0.0,0.0,0.0,0.0,1.0,0.0,0.0,2.0,0.0,,,182.5,33306.25,0.0,1.0,0.0,0.0,,,182.5,33306.25,0.0,1.0,182.5,33306.25,0.0,1.0,182.5,33306.25,0.0,1.0,1
1.0,1.0,0.002,0.002,1.3774000244140625,1.3774000244140625,0.002,0.0,1.3774000244140625,0.0,1.0,0.0,0.0,1.0,1.0,1.0,0.0,1.0,1.0,1.0,0.0,0.0,0.0,0.0,0.0,0.0,0.0,0.0,0.0,0.0,0.0,0.0,0.0,0.0,1.0,0.0,0.0,0.0,0.0,0.0,0.0,1.0,0.0,0.0,,,,,0.0,0.0,,,0.0,0.0,,,0.0,0.0,,,0.0,0.0,,,0.0,0.0,,,1
1.0,1.0,4.28,4.28,2947.636052246094,2947.636052246094,4.28,0.0,2947.636052246094,0.0,1.0,0.0,0.0,1.0,1.0,1.0,0.0,1.0,1.0,1.0,0.0,0.0,0.0,0.0,0.0,0.0,0.0,0.0,0.0,0.0,0.0,0.0,0.0,0.0,1.0,0.0,0.0,0.0,0.0,0.0,0.0,1.0,0.0,0.0,,,,,0.0,0.0,,,0.0,0.0,,,0.0,0.0,,,0.0,0.0,,,0.0,0.0,,,5
1.0,1.0,0.00322645,0.00322645,2.222056154385376,2.222056154385376,0.00322645,0.0,2.222056154385376,0.0,1.0,0.0,0.0,1.0,1.0,1.0,0.0,1.0,1.0,1.0,0.0,0.0,0.0,0.0,0.0,0.0,0.0,0.0,0.0,0.0,0.0,0.0,0.0,0.0,1.0,0.0,0.0,0.0,0.0,0.0,0.0,1.0,0.0,0.0,,,,,0.0,0.0,,,0.0,0.0,,,0.0,0.0,,,0.0,0.0,,,0.0,0.0,,,1
1.0,1.0,0.5809,0.5809,430.3475541870117,430.3475541870117,0.5809,0.0,430.3475541870117,0.0,1.0,0.0,0.0,1.0,1.0,1.0,0.0,1.0,1.0,1.0,0.0,0.0,0.0,0.0,0.0,0.0,0.0,0.0,0.0,0.0,0.0,0.0,0.0,0.0,1.0,0.0,0.0,0.0,0.0,0.0,0.0,1.0,0.0,0.0,,,,,0.0,0.0,,,0.0,0.0,,,0.0,0.0,,,0.0,0.0,,,0.0,0.0,,,5
3.0,2.0,0.0240929,0.0240929,16.89224617135681,16.89224617135681,0.008030966666666667,3.751437129708889e-05,5.6307487237856035,18.674622784089635,3.0,0.0,0.0,3.0,3.0,3.0,0.0,3.0,1.5,1.0,0.0,0.0,0.0,0.0,0.0,0.0,0.0,0.0,0.0,0.0,0.0,0.0,0.0,0.0,1.0,0.0,0.0,0.0,0.0,0.0,0.0,1.0,0.0,0.0,1.5,0.0,,,143.33333333333334,13354.88888888889,-0.047561000388494645,1.4999999999999996,0.0,0.0,,,143.33333333333334,13354.88888888889,-0.047561000388494645,1.4999999999999996,143.33333333333334,13354.88888888889,-0.047561000388494645,1.4999999999999996,143.33333333333334,13354.88888888889,-0.047561000388494645,1.4999999999999996,1
16.0,3.0,0.5634628,0.5634628,400.23041583704156,400.23041583704156,0.035216424999999996,0.0002468195136597625,25.0144009898151,127.42433536501233,15.0,0.0,1.0,16.0,16.0,16.0,1.0,16.0,5.333333333333333,0.9375,0.0625,0.0,0.0,0.0,0.0,0.0,0.0,0.0,0.0,0.0,0.0,0.0,0.0,0.0,1.0,0.0,0.0,0.0,0.0,0.0,0.0,1.0,0.0,0.0,1.0666666666666667,4.55111111111111,1.5000000000000009,3.25,245.625,30273.609375,0.06823755253865697,1.6216378426775409,0.0,0.0,,,245.625,30273.609375,0.06823755253865697,1.6216378426775409,245.625,30273.609375,0.06823755253865697,1.6216378426775409,245.625,30273.609375,0.06823755253865697,1.6216378426775409,3
6.0,1.0,1.7994691599999997,1.7994691599999997,1265.7790511863502,1265.7790511863502,0.2999115266666666,0.004040252198247755,210.96317519772504,1999.1043624097836,6.0,0.0,0.0,6.0,6.0,6.0,0.0,6.0,6.0,1.0,0.0,0.0,0.0,0.0,0.0,0.0,0.0,0.0,0.0,0.0,0.0,0.0,0.0,0.0,1.0,0.0,0.0,0.0,0.0,0.0,0.0,1.0,0.0,0.0,0.0,0.0,,,10.166666666666666,260.8055555555556,1.7276777879360552,4.09029818627026,0.0,0.0,,,10.166666666666666,260.8055555555556,1.7276777879360552,4.09029818627026,10.166666666666666,260.8055555555556,1.7276777879360552,4.09029818627026,10.166666666666666,260.8055555555556,1.7276777879360552,4.09029818627026,5
1.0,1.0,0.314,0.314,223.4178994140625,223.4178994140625,0.314,0.0,223.4178994140625,0.0,1.0,0.0,0.0,1.0,1.0,1.0,0.0,1.0,1.0,1.0,0.0,0.0,0.0,0.0,0.0,0.0,0.0,0.0,0.0,0.0,0.0,0.0,0.0,0.0,1.0,0.0,0.0,0.0,0.0,0.0,0.0,1.0,0.0,0.0,,,,,0.0,0.0,,,0.0,0.0,,,0.0,0.0,,,0.0,0.0,,,0.0,0.0,,,5
4.0,1.0,0.0876,0.0876,64.04691643676757,64.04691643676757,0.0219,0.000750775,16.011729109191894,415.5058894913721,4.0,0.0,0.0,4.0,4.0,4.0,0.0,4.0,4.0,1.0,0.0,0.0,0.0,0.0,0.0,0.0,0.0,0.0,0.0,0.0,0.0,0.0,0.0,0.0,1.0,0.0,0.0,0.0,0.0,0.0,0.0,1.0,0.0,0.0,1.3333333333333333,3.555555555555556,0.7071067811865478,1.5000000000000004,74.75,5016.6875,-0.002912036041472357,1.0088516683905884,0.0,0.0,,,74.75,5016.6875,-0.002912036041472357,1.0088516683905884,74.75,5016.6875,-0.002912036041472357,1.0088516683905884,74.75,5016.6875,-0.002912036041472357,1.0088516683905884,5
1.0,1.0,0.026,0.026,17.90620031738281,17.90620031738281,0.026,0.0,17.90620031738281,0.0,1.0,0.0,0.0,1.0,1.0,1.0,0.0,1.0,1.0,1.0,0.0,0.0,0.0,0.0,0.0,0.0,0.0,0.0,0.0,0.0,0.0,0.0,0.0,0.0,1.0,0.0,0.0,0.0,0.0,0.0,0.0,1.0,0.0,0.0,,,,,0.0,0.0,,,0.0,0.0,,,0.0,0.0,,,0.0,0.0,,,0.0,0.0,,,5
1.0,1.0,0.0023,0.0023,1.6178614685058594,1.6178614685058594,0.0023,0.0,1.6178614685058594,0.0,1.0,0.0,0.0,1.0,1.0,1.0,0.0,1.0,1.0,1.0,0.0,0.0,0.0,0.0,0.0,0.0,0.0,0.0,0.0,0.0,0.0,0.0,0.0,0.0,1.0,0.0,0.0,0.0,0.0,0.0,0.0,1.0,0.0,0.0,,,,,0.0,0.0,,,0.0,0.0,,,0.0,0.0,,,0.0,0.0,,,0.0,0.0,,,1
9.0,1.0,0.7172000000000001,0.7172000000000001,498.565037701416,498.565037701416,0.07968888888888889,0.001239583209876543,55.396115300157334,580.2887077880833,9.0,0.0,0.0,9.0,9.0,9.0,0.0,9.0,9.0,1.0,0.0,0.0,0.0,0.0,0.0,0.0,0.0,0.0,0.0,0.0,0.0,0.0,0.0,0.0,1.0,0.0,0.0,0.0,0.0,0.0,0.0,1.0,0.0,0.0,1.125,8.859375,2.2677868380553634,6.142857142857143,29.333333333333332,677.7777777777778,0.2274354780657195,1.4123193765116906,0.0,0.0,,,29.333333333333332,677.7777777777778,0.2274354780657195,1.4123193765116906,29.333333333333332,677.7777777777778,0.2274354780657195,1.4123193765116906,29.333333333333332,677.7777777777778,0.2274354780657195,1.4123193765116906,5
1.0,1.0,0.30962712,0.30962712,213.2402013236279,213.2402013236279,0.30962712,0.0,213.2402013236279,0.0,1.0,0.0,0.0,1.0,1.0,1.0,0.0,1.0,1.0,1.0,0.0,0.0,0.0,0.0,0.0,0.0,0.0,0.0,0.0,0.0,0.0,0.0,0.0,0.0,1.0,0.0,0.0,0.0,0.0,0.0,0.0,1.0,0.0,0.0,,,,,0.0,0.0,,,0.0,0.0,,,0.0,0.0,,,0.0,0.0,,,0.0,0.0,,,1
1.0,1.0,0.0776,0.0776,57.48832880859375,57.48832880859375,0.0776,0.0,57.48832880859375,0.0,1.0,0.0,0.0,1.0,1.0,1.0,0.0,1.0,1.0,1.0,0.0,0.0,0.0,0.0,0.0,0.0,0.0,0.0,0.0,0.0,0.0,0.0,0.0,0.0,1.0,0.0,0.0,0.0,0.0,0.0,0.0,1.0,0.0,0.0,,,,,0.0,0.0,,,0.0,0.0,,,0.0,0.0,,,0.0,0.0,,,0.0,0.0,,,5
1.0,1.0,0.00115,0.00115,0.8182502685546875,0.8182502685546875,0.00115,0.0,0.8182502685546875,0.0,1.0,0.0,0.0,1.0,1.0,1.0,0.0,1.0,1.0,1.0,0.0,0.0,0.0,0.0,0.0,0.0,0.0,0.0,0.0,0.0,0.0,0.0,0.0,0.0,1.0,0.0,0.0,0.0,0.0,0.0,0.0,1.0,0.0,0.0,,,,,0.0,0.0,,,0.0,0.0,,,0.0,0.0,,,0.0,0.0,,,0.0,0.0,,,1
1.0,1.0,0.00100005,0.00100005,0.70327014710083,0.70327014710083,0.00100005,0.0,0.70327014710083,0.0,1.0,0.0,0.0,1.0,1.0,1.0,0.0,1.0,1.0,1.0,0.0,0.0,0.0,0.0,0.0,0.0,0.0,0.0,0.0,0.0,0.0,0.0,0.0,0.0,1.0,0.0,0.0,0.0,0.0,0.0,0.0,1.0,0.0,0.0,,,,,0.0,0.0,,,0.0,0.0,,,0.0,0.0,,,0.0,0.0,,,0.0,0.0,,,1
1.0,1.0,0.004,0.004,2.754800048828125,2.754800048828125,0.004,0.0,2.754800048828125,0.0,1.0,0.0,0.0,1.0,1.0,1.0,0.0,1.0,1.0,1.0,0.0,0.0,0.0,0.0,0.0,0.0,0.0,0.0,0.0,0.0,0.0,0.0,0.0,0.0,1.0,0.0,0.0,0.0,0.0,0.0,0.0,1.0,0.0,0.0,,,,,0.0,0.0,,,0.0,0.0,,,0.0,0.0,,,0.0,0.0,,,0.0,0.0,,,1
1.0,1.0,0.16617053,0.16617053,116.85693023041138,116.85693023041138,0.16617053,0.0,116.85693023041138,0.0,1.0,0.0,0.0,1.0,1.0,1.0,0.0,1.0,1.0,1.0,0.0,0.0,0.0,0.0,0.0,0.0,0.0,0.0,0.0,0.0,0.0,0.0,0.0,0.0,1.0,0.0,0.0,0.0,0.0,0.0,0.0,1.0,0.0,0.0,,,,,0.0,0.0,,,0.0,0.0,,,0.0,0.0,,,0.0,0.0,,,0.0,0.0,,,5
1.0,1.0,0.01700142,0.01700142,11.708878161536864,11.708878161536864,0.01700142,0.0,11.708878161536864,0.0,1.0,0.0,0.0,1.0,1.0,1.0,0.0,1.0,1.0,1.0,0.0,0.0,0.0,0.0,0.0,0.0,0.0,0.0,0.0,0.0,0.0,0.0,0.0,0.0,1.0,0.0,0.0,0.0,0.0,0.0,0.0,1.0,0.0,0.0,,,,,0.0,0.0,,,0.0,0.0,,,0.0,0.0,,,0.0,0.0,,,0.0,0.0,,,1
2.0,1.0,0.0276,0.0276,20.446879833984376,20.446879833984376,0.0138,4.000000000000021e-08,10.223439916992188,0.021953103074217696,2.0,0.0,0.0,2.0,2.0,2.0,0.0,2.0,2.0,1.0,0.0,0.0,0.0,0.0,0.0,0.0,0.0,0.0,0.0,0.0,0.0,0.0,0.0,0.0,1.0,0.0,0.0,0.0,0.0,0.0,0.0,1.0,0.0,0.0,0.0,0.0,,,10.5,110.25,0.0,1.0,0.0,0.0,,,10.5,110.25,0.0,1.0,10.5,110.25,0.0,1.0,10.5,110.25,0.0,1.0,5
1.0,1.0,0.002,0.002,1.4068360595703124,1.4068360595703124,0.002,0.0,1.4068360595703124,0.0,1.0,0.0,0.0,1.0,1.0,1.0,0.0,1.0,1.0,1.0,0.0,0.0,0.0,0.0,0.0,0.0,0.0,0.0,0.0,0.0,0.0,0.0,0.0,0.0,1.0,0.0,0.0,0.0,0.0,0.0,0.0,1.0,0.0,0.0,,,,,0.0,0.0,,,0.0,0.0,,,0.0,0.0,,,0.0,0.0,,,0.0,0.0,,,1
1.0,1.0,0.001,0.001,0.6887000122070313,0.6887000122070313,0.001,0.0,0.6887000122070313,0.0,1.0,0.0,0.0,1.0,1.0,1.0,0.0,1.0,1.0,1.0,0.0,0.0,0.0,0.0,0.0,0.0,0.0,0.0,0.0,0.0,0.0,0.0,0.0,0.0,1.0,0.0,0.0,0.0,0.0,0.0,0.0,1.0,0.0,0.0,,,,,0.0,0.0,,,0.0,0.0,,,0.0,0.0,,,0.0,0.0,,,0.0,0.0,,,1
1.0,1.0,0.06,0.06,41.32200073242188,41.32200073242188,0.06,0.0,41.32200073242188,0.0,1.0,0.0,0.0,1.0,1.0,1.0,0.0,1.0,1.0,1.0,0.0,0.0,0.0,0.0,0.0,0.0,0.0,0.0,0.0,0.0,0.0,0.0,0.0,0.0,1.0,0.0,0.0,0.0,0.0,0.0,0.0,1.0,0.0,0.0,,,,,0.0,0.0,,,0.0,0.0,,,0.0,0.0,,,0.0,0.0,,,0.0,0.0,,,1
1.0,1.0,1.1301,1.1301,778.2998837951661,778.2998837951661,1.1301,0.0,778.2998837951661,0.0,1.0,0.0,0.0,1.0,1.0,1.0,0.0,1.0,1.0,1.0,0.0,0.0,0.0,0.0,0.0,0.0,0.0,0.0,0.0,0.0,0.0,0.0,0.0,0.0,1.0,0.0,0.0,0.0,0.0,0.0,0.0,1.0,0.0,0.0,,,,,0.0,0.0,,,0.0,0.0,,,0.0,0.0,,,0.0,0.0,,,0.0,0.0,,,5
1.0,1.0,0.0849,0.0849,62.896380358886724,62.896380358886724,0.0849,0.0,62.896380358886724,0.0,1.0,0.0,0.0,1.0,1.0,1.0,0.0,1.0,1.0,1.0,0.0,0.0,0.0,0.0,0.0,0.0,0.0,0.0,0.0,0.0,0.0,0.0,0.0,0.0,1.0,0.0,0.0,0.0,0.0,0.0,0.0,1.0,0.0,0.0,,,,,0.0,0.0,,,0.0,0.0,,,0.0,0.0,,,0.0,0.0,,,0.0,0.0,,,5
3.0,2.0,0.00482321,0.00482321,3.428224521663208,3.428224521663208,0.0016077366666666666,1.6105361688888882e-08,1.1427415072210694,0.00855341146571696,3.0,0.0,0.0,3.0,3.0,3.0,0.0,3.0,1.5,1.0,0.0,0.0,0.0,0.0,0.0,0.0,0.0,0.0,0.0,0.0,0.0,0.0,0.0,0.0,1.0,0.0,0.0,0.0,0.0,0.0,0.0,1.0,0.0,0.0,1.5,0.0,,,133.33333333333334,10238.888888888889,-0.3113688378194236,1.5000000000000002,0.0,0.0,,,133.33333333333334,10238.888888888889,-0.3113688378194236,1.5000000000000002,133.33333333333334,10238.888888888889,-0.3113688378194236,1.5000000000000002,133.33333333333334,10238.888888888889,-0.3113688378194236,1.5000000000000002,1
1.0,1.0,0.1146,0.1146,84.89900104980468,84.89900104980468,0.1146,0.0,84.89900104980468,0.0,1.0,0.0,0.0,1.0,1.0,1.0,0.0,1.0,1.0,1.0,0.0,0.0,0.0,0.0,0.0,0.0,0.0,0.0,0.0,0.0,0.0,0.0,0.0,0.0,1.0,0.0,0.0,0.0,0.0,0.0,0.0,1.0,0.0,0.0,,,,,0.0,0.0,,,0.0,0.0,,,0.0,0.0,,,0.0,0.0,,,0.0,0.0,,,5
1.0,1.0,1.9376,1.9376,1362.5881076171875,1362.5881076171875,1.9376,0.0,1362.5881076171875,0.0,1.0,0.0,0.0,1.0,1.0,1.0,0.0,1.0,1.0,1.0,0.0,0.0,0.0,0.0,0.0,0.0,0.0,0.0,0.0,0.0,0.0,0.0,0.0,0.0,1.0,0.0,0.0,0.0,0.0,0.0,0.0,1.0,0.0,0.0,,,,,0.0,0.0,,,0.0,0.0,,,0.0,0.0,,,0.0,0.0,,,0.0,0.0,,,5
